acc_no,score
37.454011885,713.379
50.313625858,476.006
53.258943255,435.039
87.470167268,619.679
16.70419079,728.697
53.531013145,559.137
91.509006841,877.175
27.024769213,701.669
79.259511629,589.302
63.024721946,535.952
