acc_no,score
37.454011885,717.882
50.313625858,471.684
53.258943255,436.111
87.470167268,630.789
16.70419079,731.681
53.531013145,553.864
91.509006841,888.459
27.024769213,710.898
79.259511629,588.559
63.024721946,535.271
